,bathrooms_text
1 bath,3338
1 private bath,1013
2 baths,845
1 shared bath,677
1.5 baths,291
1.5 shared baths,142
2.5 baths,128
3 baths,122
2 shared baths,85
5 shared baths,63
3.5 baths,36
0 shared baths,25
4 baths,23
3 shared baths,22
0 baths,21
5 baths,19
4 shared baths,18
2.5 shared baths,15
4.5 baths,12
3.5 shared baths,9
Shared half-bath,8
6 shared baths,6
Private half-bath,4
Half-bath,3
5.5 baths,2
6.5 shared baths,2
8 shared baths,2
10 baths,1
10 shared baths,1
6.5 baths,1
8.5 baths,1
6 baths,1
